-- Création des entrées de la table HORAIRES

INSERT INTO HORAIRES VALUES ('LM');
INSERT INTO HORAIRES VALUES ('LS');
INSERT INTO HORAIRES VALUES ('MaM');
INSERT INTO HORAIRES VALUES ('MaS');
INSERT INTO HORAIRES VALUES ('MeM');
INSERT INTO HORAIRES VALUES ('MeS');
INSERT INTO HORAIRES VALUES ('JM');
INSERT INTO HORAIRES VALUES ('JS');
INSERT INTO HORAIRES VALUES ('VM');
INSERT INTO HORAIRES VALUES ('VS');
INSERT INTO HORAIRES VALUES ('SM');
INSERT INTO HORAIRES VALUES ('SS');
INSERT INTO HORAIRES VALUES ('DM');
INSERT INTO HORAIRES VALUES ('DS');

-- Création des entrées de la table ALLERGENES

INSERT INTO ALLERGENES VALUES (
    'Gluten',
    'Crustacés',
    'Oeufs',
    'Poissons',
    'Arachides',
    'Soja',
    'Lait',
    'Fruits a coques',
    'Céleri',
    'Moutarde',
    'Graines de sésame',
    'Anhydre sulfureux et sulfites',
    'Lupin',
    'Mollusques'
);

-- Création de la liste des UTILISATEURS

INSERT INTO UTILISATEURS VALUES ('0', 'Adam.Leveque@ggmail.com', 'LevequeA', 'Leveque', 'Adam', '147 Grand Serre (Avenue du)');
INSERT INTO UTILISATEURS VALUES ('1', 'Alicia.Philippe@ggmail.com', 'PhilippeA', 'Philippe', 'Alicia', '61 Président Carnot (Rue)');
INSERT INTO UTILISATEURS VALUES ('2', 'Tom.Hoarau@ggmail.com', 'HoarauT', 'Hoarau', 'Tom', '84 Marcel Porte (Rue)');
INSERT INTO UTILISATEURS VALUES ('3', 'Nicolas.Poulain@ggmail.com', 'PoulainN', 'Poulain', 'Nicolas', '110 Claude Kogan (Rue)');
INSERT INTO UTILISATEURS VALUES ('4', 'Gabriel.Duval@ggmail.com', 'DuvalG', 'Duval', 'Gabriel', '87 Jay (Rue)');
INSERT INTO UTILISATEURS VALUES ('5', 'Alban.Carlier@ggmail.com', 'CarlierA', 'Carlier', 'Alban', '19 Revol (Rue)');
INSERT INTO UTILISATEURS VALUES ('6', 'Augustin.Morel@ggmail.com', 'MorelA', 'Morel', 'Augustin', '128 Lieutenant de Quinsonas (Rue du)');
INSERT INTO UTILISATEURS VALUES ('7', 'Paul.Gautier@ggmail.com', 'GautierP', 'Gautier', 'Paul', '156 Louis Le Cardonnel (Rue)');
INSERT INTO UTILISATEURS VALUES ('8', 'Noemie.Muller@ggmail.com', 'MullerN', 'Muller', 'Noemie', '150 Ernest Hareux (Rue)');
INSERT INTO UTILISATEURS VALUES ('9', 'Chiara.Benoit@ggmail.com', 'BenoitC', 'Benoit', 'Chiara', '254 Lyon (Route de)');
INSERT INTO UTILISATEURS VALUES ('10', 'Celia.Boulanger@ggmail.com', 'BoulangerC', 'Boulanger', 'Celia', '87 Alma (Rue de l)');
INSERT INTO UTILISATEURS VALUES ('11', 'Lou.Laurent@ggmail.com', 'LaurentL', 'Laurent', 'Lou', '60 Aloyzi Kospicki (Allée)');
INSERT INTO UTILISATEURS VALUES ('12', 'Adrien.Meunier@ggmail.com', 'MeunierA', 'Meunier', 'Adrien', '39 Lesdiguières (Rue)');
INSERT INTO UTILISATEURS VALUES ('13', 'Nicolas.Noel@ggmail.com', 'NoelN', 'Noel', 'Nicolas', '51 Joseph-François Girot (Rue)');
INSERT INTO UTILISATEURS VALUES ('14', 'Apolline.Clement@ggmail.com', 'ClementA', 'Clement', 'Apolline', '246 Les Galeres');
INSERT INTO UTILISATEURS VALUES ('15', 'Romain.Deschamps@ggmail.com', 'DeschampsR', 'Deschamps', 'Romain', '121 Sfax (Place de)');
INSERT INTO UTILISATEURS VALUES ('16', 'Sarah.Caron@ggmail.com', 'CaronS', 'Caron', 'Sarah', '21 Marius Riollet (Rue)');
INSERT INTO UTILISATEURS VALUES ('17', 'Mael.Leger@ggmail.com', 'LegerM', 'Leger', 'Mael', '179 Élie Vernet (Rue)');
INSERT INTO UTILISATEURS VALUES ('18', 'Angele.Noel@ggmail.com', 'NoelA', 'Noel', 'Angele', '106 Paul Verlaine (Avenue)');
INSERT INTO UTILISATEURS VALUES ('19', 'Jules.Humbert@ggmail.com', 'HumbertJ', 'Humbert', 'Jules', '222 Commandant Reynies (Rue)');
INSERT INTO UTILISATEURS VALUES ('20', 'Clemence.Moulin@ggmail.com', 'MoulinC', 'Moulin', 'Clemence', '54 Trocadéro (Rue du)');
INSERT INTO UTILISATEURS VALUES ('21', 'Apolline.Gautier@ggmail.com', 'GautierA', 'Gautier', 'Apolline', '123 Jean Bocq (Rue)');
INSERT INTO UTILISATEURS VALUES ('22', 'Ines.Noel@ggmail.com', 'NoelI', 'Noel', 'Ines', '120 Echaillon (Rue de l)');
INSERT INTO UTILISATEURS VALUES ('23', 'Charles.Cousin@ggmail.com', 'CousinC', 'Cousin', 'Charles', '67 Irvoy (Rue)');
INSERT INTO UTILISATEURS VALUES ('24', 'Evan.Petit@ggmail.com', 'PetitE', 'Petit', 'Evan', '190 Adieux (Boulevard des)');
INSERT INTO UTILISATEURS VALUES ('25', 'Lena.Bernard@ggmail.com', 'BernardL', 'Bernard', 'Lena', '226 Saules (Place des)');
INSERT INTO UTILISATEURS VALUES ('26', 'Aymeric.Maillard@ggmail.com', 'MaillardA', 'Maillard', 'Aymeric', '145 Fernand Pelloutier (Rue)');
INSERT INTO UTILISATEURS VALUES ('27', 'Adrien.Payet@ggmail.com', 'PayetA', 'Payet', 'Adrien', '226 Paul Bourget (Rue)');
INSERT INTO UTILISATEURS VALUES ('28', 'Hugo.Roche@ggmail.com', 'RocheH', 'Roche', 'Hugo', '276 Marbeuf (Rue)');
INSERT INTO UTILISATEURS VALUES ('29', 'Emma.Gaillard@ggmail.com', 'GaillardE', 'Gaillard', 'Emma', '294 Bois d Artas (Chemin du)');
INSERT INTO UTILISATEURS VALUES ('30', 'Alice.Paris@ggmail.com', 'ParisA', 'Paris', 'Alice', '155 Ampère (Rue)');
INSERT INTO UTILISATEURS VALUES ('31', 'Lucas.Delaunay@ggmail.com', 'DelaunayL', 'Delaunay', 'Lucas', '88 Belledonne (Rue de)');
INSERT INTO UTILISATEURS VALUES ('32', 'Coralie.Olivier@ggmail.com', 'OlivierC', 'Olivier', 'Coralie', '18 Championnet (Place)');
INSERT INTO UTILISATEURS VALUES ('33', 'Adam.Gaillard@ggmail.com', 'GaillardA', 'Gaillard', 'Adam', '17 Constantine (Avenue de)');
INSERT INTO UTILISATEURS VALUES ('34', 'Kylian.Sanchez@ggmail.com', 'SanchezK', 'Sanchez', 'Kylian', '43 Louis Néel (Parvis)');
INSERT INTO UTILISATEURS VALUES ('35', 'Alix.Guillot@ggmail.com', 'GuillotA', 'Guillot', 'Alix', '83 Léon Drivier (Rue)');
INSERT INTO UTILISATEURS VALUES ('36', 'Alex.Roy@ggmail.com', 'RoyA', 'Roy', 'Alex', '238 Étoile (Place de l)');
INSERT INTO UTILISATEURS VALUES ('37', 'Louis.Riviere@ggmail.com', 'RiviereL', 'Riviere', 'Louis', '106 Jean Vaujany (Rue)');
INSERT INTO UTILISATEURS VALUES ('38', 'Emilie.Rolland@ggmail.com', 'RollandE', 'Rolland', 'Emilie', '49 Ponsard (Rue)');
INSERT INTO UTILISATEURS VALUES ('39', 'Emilie.Klein@ggmail.com', 'KleinE', 'Klein', 'Emilie', '179 Joseph Vallier (Boulevard)');
INSERT INTO UTILISATEURS VALUES ('40', 'Lola.Marechal@ggmail.com', 'MarechalL', 'Marechal', 'Lola', '16 Edmond Esmonin (Avenue)');
INSERT INTO UTILISATEURS VALUES ('41', 'Elise.Faure@ggmail.com', 'FaureE', 'Faure', 'Elise', '142 Beethoven (Rue)');
INSERT INTO UTILISATEURS VALUES ('42', 'Theo.Bernard@ggmail.com', 'BernardT', 'Bernard', 'Theo', '237 Robert Dubarle (Rue)');
INSERT INTO UTILISATEURS VALUES ('43', 'Camille.Lemaitre@ggmail.com', 'LemaitreC', 'Lemaitre', 'Camille', '231 Firmin Gautier (Place)');
INSERT INTO UTILISATEURS VALUES ('44', 'Jules.Guillaume@ggmail.com', 'GuillaumeJ', 'Guillaume', 'Jules', '137 Vulcain (Chemin)');
INSERT INTO UTILISATEURS VALUES ('45', 'Pauline.Gerard@ggmail.com', 'GerardP', 'Gerard', 'Pauline', '262 Chamrousse (Rue de)');
INSERT INTO UTILISATEURS VALUES ('46', 'Alan.Guillot@ggmail.com', 'GuillotA', 'Guillot', 'Alan', '276 Kléber (Rue)');
INSERT INTO UTILISATEURS VALUES ('47', 'Alexandre.Roche@ggmail.com', 'RocheA', 'Roche', 'Alexandre', '145 Mortillet (Rue de)');
INSERT INTO UTILISATEURS VALUES ('48', 'Alan.Renaud@ggmail.com', 'RenaudA', 'Renaud', 'Alan', '34 Beaublache (Rue)');
INSERT INTO UTILISATEURS VALUES ('49', 'Eva.Bertrand@ggmail.com', 'BertrandE', 'Bertrand', 'Eva', '123 Capitaine Camine (Rue)');
INSERT INTO UTILISATEURS VALUES ('50', 'Charles.Baron@ggmail.com', 'BaronC', 'Baron', 'Charles', '280 Roger Louis Lachat (Rue)');
INSERT INTO UTILISATEURS VALUES ('51', 'Lisa.Garnier@ggmail.com', 'GarnierL', 'Garnier', 'Lisa', '134 Saint-André (Place)');
INSERT INTO UTILISATEURS VALUES ('52', 'Alicia.Poirier@ggmail.com', 'PoirierA', 'Poirier', 'Alicia', '31 Henri Dunant (Rue)');
INSERT INTO UTILISATEURS VALUES ('53', 'Adrien.Guillot@ggmail.com', 'GuillotA', 'Guillot', 'Adrien', '167 Sidi Brahim (Rue)');
INSERT INTO UTILISATEURS VALUES ('54', 'Anthony.Berger@ggmail.com', 'BergerA', 'Berger', 'Anthony', '11 Moidieu (Rue)');
INSERT INTO UTILISATEURS VALUES ('55', 'Leo.Boucher@ggmail.com', 'BoucherL', 'Boucher', 'Leo', '139 Charcot (Rue)');
INSERT INTO UTILISATEURS VALUES ('56', 'Adele.Renaud@ggmail.com', 'RenaudA', 'Renaud', 'Adele', '127 Graille (Quai de la)');
INSERT INTO UTILISATEURS VALUES ('57', 'Alban.Duval@ggmail.com', 'DuvalA', 'Duval', 'Alban', '84 Colonel Dumont (Rue du)');
INSERT INTO UTILISATEURS VALUES ('58', 'Ambre.Leger@ggmail.com', 'LegerA', 'Leger', 'Ambre', '243 Nicolet (Rue)');
INSERT INTO UTILISATEURS VALUES ('59', 'Louise.Boucher@ggmail.com', 'BoucherL', 'Boucher', 'Louise', '38 Obiou (Rue de l)');
INSERT INTO UTILISATEURS VALUES ('60', 'Agathe.Lefebvre@ggmail.com', 'LefebvreA', 'Lefebvre', 'Agathe', '57 Paul Mistral (Parc)');
INSERT INTO UTILISATEURS VALUES ('61', 'Ambre.Roux@ggmail.com', 'RouxA', 'Roux', 'Ambre', '286 Marais (Chemin du)');
INSERT INTO UTILISATEURS VALUES ('62', 'Alice.Joly@ggmail.com', 'JolyA', 'Joly', 'Alice', '114 Poterne (Chemin de la)');
INSERT INTO UTILISATEURS VALUES ('63', 'Alexis.Marty@ggmail.com', 'MartyA', 'Marty', 'Alexis', '215 Lazare Carnot (Rue)');
INSERT INTO UTILISATEURS VALUES ('64', 'Valentin.Renaud@ggmail.com', 'RenaudV', 'Renaud', 'Valentin', '51 Belledonne (Rue de)');
INSERT INTO UTILISATEURS VALUES ('65', 'Agathe.Rey@ggmail.com', 'ReyA', 'Rey', 'Agathe', '164 Lys Rouge (Allée du)');
INSERT INTO UTILISATEURS VALUES ('66', 'Eleonore.Nicolas@ggmail.com', 'NicolasE', 'Nicolas', 'Eleonore', '159 Henry Le Chatelier (Rue)');
INSERT INTO UTILISATEURS VALUES ('67', 'Lisa.Da Silva@ggmail.com', 'Da SilvaL', 'Da Silva', 'Lisa', '197 Maréchal Leclerc (Boulevard)');
INSERT INTO UTILISATEURS VALUES ('68', 'Apolline.Dupuy@ggmail.com', 'DupuyA', 'Dupuy', 'Apolline', '176 Eugène Faure (Rue)');
INSERT INTO UTILISATEURS VALUES ('69', 'Gabriel.Rey@ggmail.com', 'ReyG', 'Rey', 'Gabriel', '75 Lieutenant Chabal (Rue du)');
INSERT INTO UTILISATEURS VALUES ('70', 'Julien.Breton@ggmail.com', 'BretonJ', 'Breton', 'Julien', '257 Docteur Léon Martin (Place du)');
INSERT INTO UTILISATEURS VALUES ('71', 'Mathis.Cousin@ggmail.com', 'CousinM', 'Cousin', 'Mathis', '188 Lorenzaccio (Rue)');
INSERT INTO UTILISATEURS VALUES ('72', 'Lina.Berger@ggmail.com', 'BergerL', 'Berger', 'Lina', '188 Louis et Auguste Lumière (Rue)');
INSERT INTO UTILISATEURS VALUES ('73', 'Adam.Tessier@ggmail.com', 'TessierA', 'Tessier', 'Adam', '284 Lionel Terray (Place)');
INSERT INTO UTILISATEURS VALUES ('74', 'Elise.Leclercq@ggmail.com', 'LeclercqE', 'Leclercq', 'Elise', '90 Alsace (Rue d)');
INSERT INTO UTILISATEURS VALUES ('75', 'Alix.Millet@ggmail.com', 'MilletA', 'Millet', 'Alix', '198 Doyen Gosse (Place)');
INSERT INTO UTILISATEURS VALUES ('76', 'Apolline.Caron@ggmail.com', 'CaronA', 'Caron', 'Apolline', '173 Henri Bergson (Rue)');
INSERT INTO UTILISATEURS VALUES ('77', 'Julie.Morel@ggmail.com', 'MorelJ', 'Morel', 'Julie', '8 Rhin (Chemin du)');
INSERT INTO UTILISATEURS VALUES ('78', 'Alex.Payet@ggmail.com', 'PayetA', 'Payet', 'Alex', '94 Boston (Rue de)');
INSERT INTO UTILISATEURS VALUES ('79', 'Maxime.Tessier@ggmail.com', 'TessierM', 'Tessier', 'Maxime', '237 Henri Dagallier (Rue)');
INSERT INTO UTILISATEURS VALUES ('80', 'Augustin.Faure@ggmail.com', 'FaureA', 'Faure', 'Augustin', '137 Beaumarchais (Avenue)');
INSERT INTO UTILISATEURS VALUES ('81', 'Tom.Millet@ggmail.com', 'MilletT', 'Millet', 'Tom', '119 Ernest Hareux (Rue)');
INSERT INTO UTILISATEURS VALUES ('82', 'Nicolas.Carpentier@ggmail.com', 'CarpentierN', 'Carpentier', 'Nicolas', '110 Paul Helbronner (Rue)');
INSERT INTO UTILISATEURS VALUES ('83', 'Alexia.Chevallier@ggmail.com', 'ChevallierA', 'Chevallier', 'Alexia', '149 Louis Vidal (Rue)');
INSERT INTO UTILISATEURS VALUES ('84', 'Julien.Lemaire@ggmail.com', 'LemaireJ', 'Lemaire', 'Julien', '281 Émile Ducros (Rue)');
INSERT INTO UTILISATEURS VALUES ('85', 'Celia.Jacquet@ggmail.com', 'JacquetC', 'Jacquet', 'Celia', '288 Ernest Calvat (Rue)');
INSERT INTO UTILISATEURS VALUES ('86', 'Augustin.Vidal@ggmail.com', 'VidalA', 'Vidal', 'Augustin', '144 Lavalette (Place de)');
INSERT INTO UTILISATEURS VALUES ('87', 'Romain.Lecomte@ggmail.com', 'LecomteR', 'Lecomte', 'Romain', '84 Poilus (Rue des)');
INSERT INTO UTILISATEURS VALUES ('88', 'Adam.Lemaitre@ggmail.com', 'LemaitreA', 'Lemaitre', 'Adam', '40 Dauphiné (Rue du)');
INSERT INTO UTILISATEURS VALUES ('89', 'Lucas.Benard@ggmail.com', 'BenardL', 'Benard', 'Lucas', '85 Vassieux en Vercors (Rue de)');
INSERT INTO UTILISATEURS VALUES ('90', 'Lena.Dupont@ggmail.com', 'DupontL', 'Dupont', 'Lena', '68 Molière (Rue)');
INSERT INTO UTILISATEURS VALUES ('91', 'Hugo.Perret@ggmail.com', 'PerretH', 'Perret', 'Hugo', '128 Alliés (Rue des)');
INSERT INTO UTILISATEURS VALUES ('92', 'Andrea.Muller@ggmail.com', 'MullerA', 'Muller', 'Andrea', '213 Vercors (Rue du)');
INSERT INTO UTILISATEURS VALUES ('93', 'Pierre.Delaunay@ggmail.com', 'DelaunayP', 'Delaunay', 'Pierre', '186 Palais de Justice (Passage, du)');
INSERT INTO UTILISATEURS VALUES ('94', 'Lola.Lejeune@ggmail.com', 'LejeuneL', 'Lejeune', 'Lola', '38 Volta (Rue)');
INSERT INTO UTILISATEURS VALUES ('95', 'Jade.Andre@ggmail.com', 'AndreJ', 'Andre', 'Jade', '231 Narvik (Rue de)');
INSERT INTO UTILISATEURS VALUES ('96', 'Nathan.Perrier@ggmail.com', 'PerrierN', 'Perrier', 'Nathan', '1 Général Marchand (Rue)');
INSERT INTO UTILISATEURS VALUES ('97', 'Valentin.Lebrun@ggmail.com', 'LebrunV', 'Lebrun', 'Valentin', '254 Ville (Jardin de)');
INSERT INTO UTILISATEURS VALUES ('98', 'Lucas.Renard@ggmail.com', 'RenardL', 'Renard', 'Lucas', '156 René Cassin (Rue)');
INSERT INTO UTILISATEURS VALUES ('99', 'Nathan.Moreau@ggmail.com', 'MoreauN', 'Moreau', 'Nathan', '266 Glacis de la Bastille (Voie communale)');

-- Création des entrées de la table des TYPESCOMMANDE

INSERT INTO TYPESCOMMANDE VALUES ('emporter');
INSERT INTO TYPESCOMMANDE VALUES ('place');
INSERT INTO TYPESCOMMANDE VALUES ('livraison');

-- Création des entrées de la table des CATEGORIES

INSERT INTO CATEGORIES VALUES ('_');

INSERT INTO CATEGORIES VALUES ('nationale');
INSERT INTO CATEGORIES VALUES ('francaise');
INSERT INTO CATEGORIES VALUES ('alpine');
INSERT INTO CATEGORIES VALUES ('provencale');
INSERT INTO CATEGORIES VALUES ('nordique');
INSERT INTO CATEGORIES VALUES ('savoyarde');
INSERT INTO CATEGORIES VALUES ('dauphinoise');
INSERT INTO CATEGORIES VALUES ('japonaise');
INSERT INTO CATEGORIES VALUES ('espagnole');
INSERT INTO CATEGORIES VALUES ('basque');
INSERT INTO CATEGORIES VALUES ('valencienne');
INSERT INTO CATEGORIES VALUES ('tapas');
INSERT INTO CATEGORIES VALUES ('madridenne');
INSERT INTO CATEGORIES VALUES ('andalouse');
INSERT INTO CATEGORIES VALUES ('pintxo');
INSERT INTO CATEGORIES VALUES ('italienne');
INSERT INTO CATEGORIES VALUES ('sicilienne');
INSERT INTO CATEGORIES VALUES ('romaine');
INSERT INTO CATEGORIES VALUES ('tuscane');

INSERT INTO CATEGORIES VALUES ('fastfood');
INSERT INTO CATEGORIES VALUES ('gastronomie');
INSERT INTO CATEGORIES VALUES ('expérimentale');

-- Création des entrées de la table des CATEGORIEPARENT

INSERT INTO CATEGORIEPARENT VALUES ('nationale','_');
INSERT INTO CATEGORIEPARENT VALUES ('categorie','_');

INSERT INTO CATEGORIEPARENT VALUES ('fastfood','categorie');
INSERT INTO CATEGORIEPARENT VALUES ('gastronomie','categorie');
INSERT INTO CATEGORIEPARENT VALUES ('expérimentale','categorie');

INSERT INTO CATEGORIEPARENT VALUES ('francaise','nationale');
INSERT INTO CATEGORIEPARENT VALUES ('provencale','francaise');
INSERT INTO CATEGORIEPARENT VALUES ('nordique','francaise');
INSERT INTO CATEGORIEPARENT VALUES ('alpine','francaise');
INSERT INTO CATEGORIEPARENT VALUES ('savoyarde','alpine');
INSERT INTO CATEGORIEPARENT VALUES ('dauphinoise','alpine');

INSERT INTO CATEGORIEPARENT VALUES ('japonaise','nationale');

INSERT INTO CATEGORIEPARENT VALUES ('espagnole','nationale');
INSERT INTO CATEGORIEPARENT VALUES ('basque','espagnole');
INSERT INTO CATEGORIEPARENT VALUES ('valencienne','espagnole');
INSERT INTO CATEGORIEPARENT VALUES ('tapas','espagnole');
INSERT INTO CATEGORIEPARENT VALUES ('madridenne','tapas');
INSERT INTO CATEGORIEPARENT VALUES ('andalouse','tapas');
INSERT INTO CATEGORIEPARENT VALUES ('pinxto','tapas');

INSERT INTO CATEGORIEPARENT VALUES ('italienne','nationale');
INSERT INTO CATEGORIEPARENT VALUES ('sicilienne','italienne');
INSERT INTO CATEGORIEPARENT VALUES ('romaine','italienne');
INSERT INTO CATEGORIEPARENT VALUES ('tuscane','italienne');

-- Création des entrées de la table des RESTAURANTS
-- Restaurants espagnols
INSERT INTO RESTAURANTS (RMail, RNom, RNum, RAdresse, Places, Presentation) VALUES 
    ('croquettes@resto.com', 'Croquettes de chez vous', '0000000', '12 rue Croquettes 38000', '20', 'On vous sert des croquettes');
INSERT INTO RESTAURANTS (RMail, RNom, RNum, RAdresse, Places, Presentation) VALUES 
    ('instant@resto.com', 'L instant espagnol', '0000001', '12 rue Instant 38000', '30', 'On vous sert de la bouffe espagnole');
INSERT INTO RESTAURANTS (RMail, RNom, RNum, RAdresse, Places, Presentation) VALUES 
    ('saveur@resto.com', 'La saveur iberique', '0000003', '12 rue Iberique 38000', '30', 'On vous sert de la bouffe espagnole');
INSERT INTO RESTAURANTS (RMail, RNom, RNum, RAdresse, Places, Presentation) VALUES 
    ('tapas@resto.com', 'Bières et tapas', '0000004', '12 rue Tapas 38000', '40', 'On vous sert des tapas');
INSERT INTO RESTAURANTS (RMail, RNom, RNum, RAdresse, Places, Presentation) VALUES 
    ('paella@resto.com', 'Paëlla maison', '0000005', '12 rue Paella 38000', '20', 'On vous sert de la paella');
INSERT INTO RESTAURANTS (RMail, RNom, RNum, RAdresse, Places, Presentation) VALUES 
    ('tortilla@resto.com', 'La buena tortilla', '0000006', '12 rue Tortilla 38000', '30', 'On vous sert des tortillas');
-- Restaurants japonais
INSERT INTO RESTAURANTS (RMail, RNom, RNum, RAdresse, Places, Presentation) VALUES 
    ('ramen@resto.com', 'Le Ramen de Shibuya', '0000007', '13 rue Ramen 38000', '20', 'On vous sert des ramens');
INSERT INTO RESTAURANTS (RMail, RNom, RNum, RAdresse, Places, Presentation) VALUES 
    ('gyoza@resto.com', 'Gyoza de Ginza', '0000008', '13 rue Gyozas 38000', '50', 'On vous sert des gyozas');
-- Restaurants italiens
INSERT INTO RESTAURANTS (RMail, RNom, RNum, RAdresse, Places, Presentation) VALUES 
    ('pizza@resto.com', 'Pasta Pizza', '0000009', '14 rue PizzaPasta 38000', '10', 'On vous sert des pizzas');
INSERT INTO RESTAURANTS (RMail, RNom, RNum, RAdresse, Places, Presentation) VALUES 
    ('gorgonzola@resto.com', 'Il Gorgonzola', '00000010', '14 rue Gorgonzola 38000', '20', 'On vous sert du fromage italien');
INSERT INTO RESTAURANTS (RMail, RNom, RNum, RAdresse, Places, Presentation) VALUES 
    ('torre@resto.com', 'Torre di Pizza', '00000011', '14 rue Torre 38000', '15', 'On vous sert des torre pizza');
INSERT INTO RESTAURANTS (RMail, RNom, RNum, RAdresse, Places, Presentation) VALUES 
    ('spaghetti@resto.com', 'Only Spaghetti', '00000012', '14 rue Spaghetti 38000', '10', 'On vous sert des pates');
-- Restaurants français
INSERT INTO RESTAURANTS (RMail, RNom, RNum, RAdresse, Places, Presentation) VALUES 
    ('chefcuisine@resto.com', 'La cuisine du chef', '00000013', '15 rue cuisine 38000', '10', 'On vous sert de la bonne cuisine');
INSERT INTO RESTAURANTS (RMail, RNom, RNum, RAdresse, Places, Presentation) VALUES 
    ('cochonou@resto.com', 'Au cochon qui dore', '00000014', '15 rue cochon dore 38000', '20', 'On vous sert de la grosse viande');
INSERT INTO RESTAURANTS (RMail, RNom, RNum, RAdresse, Places, Presentation) VALUES 
    ('gustatif@resto.com', 'L arret gustatif', '00000015', '15 rue arret 38000', '25', 'On vous sert de la cuisine de qualite');
INSERT INTO RESTAURANTS (RMail, RNom, RNum, RAdresse, Places, Presentation) VALUES 
    ('rizkiki@resto.com', 'Riz Kiki', '00000016', '15 rue kiki 38000', '10', 'On vous sert du riz');
INSERT INTO RESTAURANTS (RMail, RNom, RNum, RAdresse, Places, Presentation) VALUES 
    ('grandbleu@resto.com', 'La table du grand bleu', '00000017', '15 rue fromage 38000', '19', 'On vous sert du bratin dauphinois');
INSERT INTO RESTAURANTS (RMail, RNom, RNum, RAdresse, Places, Presentation) VALUES 
    ('festin@resto.com', 'Le festin royal', '00000018', '14 rue fetsin 38000', '10', 'On vous sert de la grosse bouffe');
INSERT INTO RESTAURANTS (RMail, RNom, RNum, RAdresse, Places, Presentation) VALUES 
    ('fourchette@resto.com', 'La fourchette forestière', '00000019', '14 rue Spaghetti 38000', '30', '');

-- Création de la table CATEGORIESRESTAURANT
-- Restaurants espagnols
INSERT INTO CATEGORIESRESTAURANT VALUES ('croquettes@resto.com','espagnole');
INSERT INTO CATEGORIESRESTAURANT VALUES ('croquettes@resto.com','fastfood');
INSERT INTO CATEGORIESRESTAURANT VALUES ('instant@resto.com','madridenne');
INSERT INTO CATEGORIESRESTAURANT VALUES ('instant@resto.com','fastfood');
INSERT INTO CATEGORIESRESTAURANT VALUES ('saveur@resto.com','pinxto');
INSERT INTO CATEGORIESRESTAURANT VALUES ('saveur@resto.com','gastronomie');
INSERT INTO CATEGORIESRESTAURANT VALUES ('tapas@resto.com','tapas');
INSERT INTO CATEGORIESRESTAURANT VALUES ('paella@resto.com','valencienne');
INSERT INTO CATEGORIESRESTAURANT VALUES ('paella@resto.com','andalouse');
INSERT INTO CATEGORIESRESTAURANT VALUES ('tortilla@resto.com','valencienne');
-- Restaurants japonais
INSERT INTO CATEGORIESRESTAURANT VALUES ('ramen@resto.com','japonaise');
INSERT INTO CATEGORIESRESTAURANT VALUES ('gyoza@resto.com','japonaise');
INSERT INTO CATEGORIESRESTAURANT VALUES ('gyoza@resto.com','gastronomie');
-- Restaurants italiens
INSERT INTO CATEGORIESRESTAURANT VALUES ('pizza@resto.com','italienne');
INSERT INTO CATEGORIESRESTAURANT VALUES ('pizza@resto.com','fastfood');
INSERT INTO CATEGORIESRESTAURANT VALUES ('gorgonzola@resto.com','italienne');
INSERT INTO CATEGORIESRESTAURANT VALUES ('gorgonzola@resto.com','gastronomie');
INSERT INTO CATEGORIESRESTAURANT VALUES ('torre@resto.com','italienne');
INSERT INTO CATEGORIESRESTAURANT VALUES ('torre@resto.com','experimentale');
INSERT INTO CATEGORIESRESTAURANT VALUES ('spaghetti@resto.com','italienne');
-- Restaurants français
INSERT INTO CATEGORIESRESTAURANT VALUES ('chefcuisine@resto.com','gastronomie');
INSERT INTO CATEGORIESRESTAURANT VALUES ('chefcuisine@resto.com','provencale');
INSERT INTO CATEGORIESRESTAURANT VALUES ('cochonou@resto.com','savoyarde');
INSERT INTO CATEGORIESRESTAURANT VALUES ('gustatif@resto.com','francaise');
INSERT INTO CATEGORIESRESTAURANT VALUES ('gustatif@resto.com','experimentale');
INSERT INTO CATEGORIESRESTAURANT VALUES ('rizkiki@resto.com','francaise');
INSERT INTO CATEGORIESRESTAURANT VALUES ('rizkiki@resto.com','fastfood');
INSERT INTO CATEGORIESRESTAURANT VALUES ('grandbleu@resto.com','alpine');
INSERT INTO CATEGORIESRESTAURANT VALUES ('festin@resto.com','nordique');
INSERT INTO CATEGORIESRESTAURANT VALUES ('fourchette@resto.com','francaise');
INSERT INTO CATEGORIESRESTAURANT VALUES ('fourchette@resto.com','gastronomie');

-- Création de la table HORAIRESRESTAURANT
-- Restaurants espagnols
INSERT INTO HORAIRESRESTAURANT VALUES ('croquettes@resto.com','LS');
INSERT INTO HORAIRESRESTAURANT VALUES ('croquettes@resto.com','SS');
INSERT INTO HORAIRESRESTAURANT VALUES ('croquettes@resto.com','MS');
INSERT INTO HORAIRESRESTAURANT VALUES ('croquettes@resto.com','MeS');
INSERT INTO HORAIRESRESTAURANT VALUES ('croquettes@resto.com','DS');
INSERT INTO HORAIRESRESTAURANT VALUES ('instant@resto.com','SM');
INSERT INTO HORAIRESRESTAURANT VALUES ('instant@resto.com','SS');
INSERT INTO HORAIRESRESTAURANT VALUES ('instant@resto.com','DM');
INSERT INTO HORAIRESRESTAURANT VALUES ('instant@resto.com','DS');
INSERT INTO HORAIRESRESTAURANT VALUES ('saveur@resto.com','DS');
INSERT INTO HORAIRESRESTAURANT VALUES ('saveur@resto.com','MS');
INSERT INTO HORAIRESRESTAURANT VALUES ('tapas@resto.com','MeS');
INSERT INTO HORAIRESRESTAURANT VALUES ('paella@resto.com','DM');
INSERT INTO HORAIRESRESTAURANT VALUES ('paella@resto.com','SM');
INSERT INTO HORAIRESRESTAURANT VALUES ('tortilla@resto.com','MS');
-- Restaurants japonais
INSERT INTO HORAIRESRESTAURANT VALUES ('ramen@resto.com','MeM');
INSERT INTO HORAIRESRESTAURANT VALUES ('gyoza@resto.com','MeS');
INSERT INTO HORAIRESRESTAURANT VALUES ('gyoza@resto.com','MM');
-- Restaurants italiens
INSERT INTO HORAIRESRESTAURANT VALUES ('pizza@resto.com','JM');
INSERT INTO HORAIRESRESTAURANT VALUES ('pizza@resto.com','JS');
INSERT INTO HORAIRESRESTAURANT VALUES ('gorgonzola@resto.com','SM');
INSERT INTO HORAIRESRESTAURANT VALUES ('gorgonzola@resto.com','SS');
INSERT INTO HORAIRESRESTAURANT VALUES ('torre@resto.com','DM');
INSERT INTO HORAIRESRESTAURANT VALUES ('torre@resto.com','MM');
INSERT INTO HORAIRESRESTAURANT VALUES ('spaghetti@resto.com','JS');
-- Restaurants français
INSERT INTO HORAIRESRESTAURANT VALUES ('chefcuisine@resto.com','DM');
INSERT INTO HORAIRESRESTAURANT VALUES ('chefcuisine@resto.com','DS');
INSERT INTO HORAIRESRESTAURANT VALUES ('cochonou@resto.com','SM');
INSERT INTO HORAIRESRESTAURANT VALUES ('gustatif@resto.com','MM');
INSERT INTO HORAIRESRESTAURANT VALUES ('gustatif@resto.com','MS');
INSERT INTO HORAIRESRESTAURANT VALUES ('rizkiki@resto.com','LM');
INSERT INTO HORAIRESRESTAURANT VALUES ('rizkiki@resto.com','LS');
INSERT INTO HORAIRESRESTAURANT VALUES ('grandbleu@resto.com','MM');
INSERT INTO HORAIRESRESTAURANT VALUES ('festin@resto.com','MeS');
INSERT INTO HORAIRESRESTAURANT VALUES ('fourchette@resto.com','VM');
INSERT INTO HORAIRESRESTAURANT VALUES ('fourchette@resto.com','VS');

-- Création de la table ALLERGENESPLAT
INSERT INTO ALLERGENESPLAT VALUES ('0', 'croquettes@resto.com', 'Lait');
INSERT INTO ALLERGENESPLAT VALUES ('0', 'croquettes@resto.com', 'Gluten');
INSERT INTO ALLERGENESPLAT VALUES ('1', 'croquettes@resto.com', 'Lait');
INSERT INTO ALLERGENESPLAT VALUES ('1', 'croquettes@resto.com', 'Gluten');
INSERT INTO ALLERGENESPLAT VALUES ('2', 'croquettes@resto.com', 'Lait');
INSERT INTO ALLERGENESPLAT VALUES ('2', 'croquettes@resto.com', 'Gluten');
INSERT INTO ALLERGENESPLAT VALUES ('3', 'croquettes@resto.com', 'Lait');
INSERT INTO ALLERGENESPLAT VALUES ('3', 'croquettes@resto.com', 'Gluten');
INSERT INTO ALLERGENESPLAT VALUES ('0', 'instant@resto.com', 'Gluten');
INSERT INTO ALLERGENESPLAT VALUES ('1', 'instant@resto.com', 'Gluten');
INSERT INTO ALLERGENESPLAT VALUES ('1', 'instant@resto.com', 'Lait');
INSERT INTO ALLERGENESPLAT VALUES ('2', 'instant@resto.com', 'Gluten');
INSERT INTO ALLERGENESPLAT VALUES ('0', 'paella@resto.com', 'Crustacés');
INSERT INTO ALLERGENESPLAT VALUES ('0', 'paella@resto.com', 'Mollusques');
INSERT INTO ALLERGENESPLAT VALUES ('1', 'tapas@resto.com', 'Mollusques');
INSERT INTO ALLERGENESPLAT VALUES ('1', 'ramen@resto.com', 'Anhydre sulfureux et sulfites');
INSERT INTO ALLERGENESPLAT VALUES ('4', 'ramen@resto.com', 'Poissons');
INSERT INTO ALLERGENESPLAT VALUES ('3', 'ramen@resto.com', 'Mollusques');
INSERT INTO ALLERGENESPLAT VALUES ('2', 'gyoza@resto.com', 'Mollusques');
INSERT INTO ALLERGENESPLAT VALUES ('3', 'tapas@resto.com', 'Soja');
INSERT INTO ALLERGENESPLAT VALUES ('0', 'pizza@resto.com', 'Gluten');
INSERT INTO ALLERGENESPLAT VALUES ('0', 'pizza@resto.com', 'Lait');
INSERT INTO ALLERGENESPLAT VALUES ('1', 'pizza@resto.com', 'Gluten');
INSERT INTO ALLERGENESPLAT VALUES ('1', 'pizza@resto.com', 'Lait');
INSERT INTO ALLERGENESPLAT VALUES ('2', 'pizza@resto.com', 'Gluten');
INSERT INTO ALLERGENESPLAT VALUES ('2', 'pizza@resto.com', 'Lait');
INSERT INTO ALLERGENESPLAT VALUES ('3', 'pizza@resto.com', 'Gluten');
INSERT INTO ALLERGENESPLAT VALUES ('3', 'pizza@resto.com', 'Lait');
INSERT INTO ALLERGENESPLAT VALUES ('4', 'pizza@resto.com', 'Gluten');
INSERT INTO ALLERGENESPLAT VALUES ('4', 'pizza@resto.com', 'Lait');
INSERT INTO ALLERGENESPLAT VALUES ('0', 'gorgonzola@resto.com', 'Lait');
INSERT INTO ALLERGENESPLAT VALUES ('1', 'gorgonzola@resto.com', 'Lait');
INSERT INTO ALLERGENESPLAT VALUES ('2', 'gorgonzola@resto.com', 'Lait');
INSERT INTO ALLERGENESPLAT VALUES ('0', 'spaghetti@resto.com', 'Gluten');
INSERT INTO ALLERGENESPLAT VALUES ('1', 'spaghetti@resto.com', 'Gluten');
INSERT INTO ALLERGENESPLAT VALUES ('2', 'spaghetti@resto.com', 'Gluten');
INSERT INTO ALLERGENESPLAT VALUES ('3', 'spaghetti@resto.com', 'Gluten');
INSERT INTO ALLERGENESPLAT VALUES ('4', 'spaghetti@resto.com', 'Gluten');
INSERT INTO ALLERGENESPLAT VALUES ('5', 'spaghetti@resto.com', 'Gluten');
INSERT INTO ALLERGENESPLAT VALUES ('3', 'spaghetti@resto.com', 'Poissons');
INSERT INTO ALLERGENESPLAT VALUES ('4', 'spaghetti@resto.com', 'Lait');
INSERT INTO ALLERGENESPLAT VALUES ('5', 'spaghetti@resto.com', 'Lait');


-- Création de la liste des PLATS
-- Restaurants espagnols
INSERT INTO PLATS VALUES ('0', 'croquettes@resto.com', 'Croqueta au fromage', 'Boules de béchamel frites avec du fromage', '1.5');
INSERT INTO PLATS VALUES ('1', 'croquettes@resto.com', 'Croqueta au jambon', 'Boules de béchamel frites avec du jambon', '1.5');
INSERT INTO PLATS VALUES ('2', 'croquettes@resto.com', 'Croqueta au champignon', 'Boules de béchamel frites avec du champignon', '1.5');
INSERT INTO PLATS VALUES ('3', 'croquettes@resto.com', 'Croqueta a la bolognaise', 'Boules de béchamel frites avec de la bolognaise', '1.5');
INSERT INTO PLATS VALUES ('0', 'instant@resto.com', 'Pizza espagnole', 'Tomate, chorizo, fromage', '8');
INSERT INTO PLATS VALUES ('1', 'instant@resto.com', 'Tacos espagnol', 'Sauce fromagère, chorizo, frites, fromage', '9');
INSERT INTO PLATS VALUES ('2', 'instant@resto.com', 'Hot-Dog espagnol', 'Pain, saucisse enrobée de tranches de chorizo, sauce andalouse', '3');
INSERT INTO PLATS VALUES ('0', 'saveur@resto.com', 'Gaspacho', 'Une recette typique d''Andalousie, une soupe à base de légumes de saison et principalement composée de concombres, de poivrons et de tomates, assaisonnée d''épices et d''herbes aromatiques telles que le paprika, l''oignon et l''ail. En été, il arrive souvent qu''il soit servi froid.', '4');
INSERT INTO PLATS VALUES ('1', 'saveur@resto.com', 'La porra antequerana', 'C''est une soupe typique de la région de Malaga, servie froide préparée avec des poivrons jaunes, verts et rouges et du pain dur.', '7');
INSERT INTO PLATS VALUES ('2', 'saveur@resto.com', 'Le cocido de Madrid', 'Un des plats les plus cuisinés à Madrid, le cocito est une soupe au bœuf, au porc et aux saucisses, aux pois chiches et aux légumes. Les soupes sont des plats typiques en Espagne, liés à la tradition populaire de la mauvaise cuisine, puis abandonnés et finalement revalorisés au fil des ans.', '5');
INSERT INTO PLATS VALUES ('0', 'paella@resto.com', 'Paella valencienne', 'Ce plat sans aucune introduction, typique de la culture espagnole et fièrement exposé dans tous les restaurants du pays. C''est un plat plein d''ingrédients et très savoureux. Né de la tradition populaire et pauvre qui a consommé tous les restes pour ne pas les jeter et les transformer en déjeuner le dimanche. Les principaux ingrédients sont les crustacés, la viande, les pois, le riz, le poisson, les haricots, les tomates et souvent un verre de sangria, le tout cuit dans une immense poêle en fer.', '12');
INSERT INTO PLATS VALUES ('0', 'tapas@resto.com', 'Panisse', '', '3');
INSERT INTO PLATS VALUES ('1', 'tapas@resto.com', 'Pieuvre galicienne', '', '7');
INSERT INTO PLATS VALUES ('0', 'tortilla@resto.com', 'Tortilla de patata', '', '9');
INSERT INTO PLATS VALUES ('1', 'tortilla@resto.com', 'Tortilla jamon', '', '8');
INSERT INTO PLATS VALUES ('2', 'tortilla@resto.com', 'Patatas bravas', '', '6');

-- Restaurants japonais
INSERT INTO PLATS VALUES ('0', 'ramen@resto.com', 'Ramen au boeuf', 'Ramens au boeuf', '10');
INSERT INTO PLATS VALUES ('1', 'ramen@resto.com', 'Ramen aux shiitakes', 'Ramens aux champignons', '8');
INSERT INTO PLATS VALUES ('2', 'ramen@resto.com', 'Ramen au porc', 'Ramens au porc', '7');
INSERT INTO PLATS VALUES ('3', 'ramen@resto.com', 'Ramen aux crevettes', 'Ramens aux crevettes', '12');
INSERT INTO PLATS VALUES ('4', 'ramen@resto.com', 'Ramen au saumon', 'Ramens au saumon', '15');
INSERT INTO PLATS VALUES ('0', 'gyoza@resto.com', 'Gyozas au boeuf', 'Raviolis japonaises fourrées au boeuf', '3.99');
INSERT INTO PLATS VALUES ('1', 'gyoza@resto.com', 'Gyozas au porc', 'Raviolis japonaises fourrées au porc', '2.5');
INSERT INTO PLATS VALUES ('2', 'gyoza@resto.com', 'Gyozas aux crevettes', 'Raviolis japonaises fourrées aux crevettes', '4.5');
INSERT INTO PLATS VALUES ('3', 'gyoza@resto.com', 'Gyozas au tofu', 'Raviolis japonaises fourrées au tofu', '3.99');

-- Restaurants italiens
INSERT INTO PLATS VALUES ('0', 'pizza@resto.com', 'Pizza Margherita', '', '7');
INSERT INTO PLATS VALUES ('1', 'pizza@resto.com', 'Pizza Napoli', '', '9.5');
INSERT INTO PLATS VALUES ('2', 'pizza@resto.com', 'Pizza bianca', '', '10.99');
INSERT INTO PLATS VALUES ('3', 'pizza@resto.com', 'Pizza calzone', '', '8.5');
INSERT INTO PLATS VALUES ('4', 'pizza@resto.com', 'Pizza Romana', '', '9.99');
INSERT INTO PLATS VALUES ('0', 'gorgonzola@resto.com', 'Canederli', 'Les canederli sont des boulettes de pain typiques du Trentin Haut-Adige, du Frioul et de la Vénétie, dans le nord-est du pays, et font partie du concept de la « cucina povera » (cuisine pauvre). Ils ressemblent au knödel allemand ou au kneydl juif. Ces boulettes sont un excellent moyen d''utiliser du pain rassis, en le combinant avec du speck ou d''autres produits de charcuterie, des œufs, du lait, du persil, de la farine et des oignons. Une fois les quenelles préparées et bouillies, elles sont servies soit avec du beurre fondu, soit dans un bouillon de légumes. C''est un repas très savoureux, parfait pour vous réchauffer pendant l''hiver.', '2');
INSERT INTO PLATS VALUES ('1', 'gorgonzola@resto.com', 'Ossobuco alla milanese', 'L''Ossobuco et son Risotto alla Milanese au safran est l''un des plats de viande les plus emblématiques de la capitale de la Lombardie, Milan. Ce plat emblématique est à base de jarret de veau et son os rempli de moelle, généralement préparé avec de l''huile d''olive, du vin, des assaisonnements, des tomates et servi avec du riz ou autres légumes. Le meilleur reste la dégustation de la moelle crémeuse et délicieuse provenant des os du veau.', '13.99');
INSERT INTO PLATS VALUES ('2', 'gorgonzola@resto.com', 'Ribollita', 'Issu de la traditionnelle « cucina povera » de mauvaise qualité, la ribollita a été créée par des serviteurs qui ont mis de côté la nourriture inachevée des maîtres (comme le pain ou les légumes) et l’ont fait bouillir pour constituer un repas. Ce ragoût traditionnel est cuisiné avec des légumes tendres, des pommes de terre et des haricots, le tout mélangé à du pain pour une délicieuse soupe crémeuse.', '7.5');
INSERT INTO PLATS VALUES ('0', 'torre@resto.com', 'Tour de pise sur son flan', 'Reconstitution aussi vraie que nature de l''effondrement de la tour de Pise grâce à un biscuit posé sur un flan maison', '3.99');
INSERT INTO PLATS VALUES ('1', 'spaghetti@resto.com', 'Pasta alla bolognese', 'Pasta box à la bolognaise', '5');
INSERT INTO PLATS VALUES ('2', 'spaghetti@resto.com', 'Pasta al pesto', 'Pasta box au pesto', '6');
INSERT INTO PLATS VALUES ('3', 'spaghetti@resto.com', 'Pasta alle sarde', 'Pasta box aux sardines', '9');
INSERT INTO PLATS VALUES ('4', 'spaghetti@resto.com', 'Pasta alla crema', 'Pasta box à la crème', '4.5');
INSERT INTO PLATS VALUES ('5', 'spaghetti@resto.com', 'Pasta ai 4 formaggi', 'Pasta box aux 4 fromages', '6.99');

-- Restaurants français
